<?xml version="1.0" encoding="UTF-8"?>
<project-private xmlns="http://www.netbeans.org/ns/project-private/1">
    <editor-bookmarks xmlns="http://www.netbeans.org/ns/editor-bookmarks/2" lastBookmarkId="0"/>
    <open-files xmlns="http://www.netbeans.org/ns/projectui-open-files/2">
        <group>
            <file>file:/D:/code/MangageStudent/src/Controller/MenuController.java</file>
            <file>file:/D:/code/MangageStudent/src/Controller/Menu.java</file>
            <file>file:/D:/code/MangageStudent/src/View/StudentView.java</file>
            <file>file:/D:/code/MangageStudent/src/Controller/StudentController.java</file>
            <file>file:/D:/code/MangageStudent/src/Controller/Main.java</file>
            <file>file:/D:/code/MangageStudent/src/Model/Student.java</file>
        </group>
    </open-files>
</project-private>
