<?xml version="1.0" encoding="UTF-8"?>
<project-private xmlns="http://www.netbeans.org/ns/project-private/1">
    <editor-bookmarks xmlns="http://www.netbeans.org/ns/editor-bookmarks/2" lastBookmarkId="0"/>
    <open-files xmlns="http://www.netbeans.org/ns/projectui-open-files/2">
        <group>
            <file>file:/D:/code/ContractManage/src/Model/Contact.java</file>
            <file>file:/D:/code/ContractManage/src/Controller/ContactMenu.java</file>
            <file>file:/D:/code/ContractManage/src/Controller/Run.java</file>
            <file>file:/D:/code/ContractManage/src/view/ContactView.java</file>
        </group>
    </open-files>
</project-private>
