<?xml version="1.0" encoding="UTF-8"?>
<project-private xmlns="http://www.netbeans.org/ns/project-private/1">
    <editor-bookmarks xmlns="http://www.netbeans.org/ns/editor-bookmarks/2" lastBookmarkId="0"/>
    <open-files xmlns="http://www.netbeans.org/ns/projectui-open-files/2">
        <group>
            <file>file:/D:/Software%20engineering/Semester%203/LAB211/Sort%20and%20Search/src/controller/MenuController.java</file>
            <file>file:/D:/Software%20engineering/Semester%203/LAB211/Sort%20and%20Search/src/view/MenuView.java</file>
            <file>file:/D:/Software%20engineering/Semester%203/LAB211/Sort%20and%20Search/src/controller/MenuProgram.java</file>
            <file>file:/D:/Software%20engineering/Semester%203/LAB211/Sort%20and%20Search/src/model/MenuModel.java</file>
        </group>
    </open-files>
</project-private>
