<?xml version="1.0" encoding="UTF-8"?>
<project-private xmlns="http://www.netbeans.org/ns/project-private/1">
    <editor-bookmarks xmlns="http://www.netbeans.org/ns/editor-bookmarks/2" lastBookmarkId="0"/>
    <open-files xmlns="http://www.netbeans.org/ns/projectui-open-files/2">
        <group>
            <file>file:/D:/Software%20engineering/Semester%203/LAB211/StudentInformation/src/model/StudentComparator.java</file>
            <file>file:/D:/Software%20engineering/Semester%203/LAB211/StudentInformation/src/view/StudentView.java</file>
            <file>file:/D:/Software%20engineering/Semester%203/LAB211/StudentInformation/src/model/StudentModel.java</file>
            <file>file:/D:/Software%20engineering/Semester%203/LAB211/StudentInformation/src/Main/Main.java</file>
            <file>file:/D:/Software%20engineering/Semester%203/LAB211/StudentInformation/src/model/Student.java</file>
            <file>file:/D:/Software%20engineering/Semester%203/LAB211/StudentInformation/src/controller/StudentController.java</file>
        </group>
    </open-files>
</project-private>
