<?xml version="1.0" encoding="UTF-8"?>
<project-private xmlns="http://www.netbeans.org/ns/project-private/1">
    <editor-bookmarks xmlns="http://www.netbeans.org/ns/editor-bookmarks/2" lastBookmarkId="0"/>
    <open-files xmlns="http://www.netbeans.org/ns/projectui-open-files/2">
        <group>
            <file>file:/D:/Software%20engineering/Semester%203/LAB211/FruitShop/src/main/ShopMain.java</file>
            <file>file:/D:/Software%20engineering/Semester%203/LAB211/FruitShop/src/controller/ShopController.java</file>
            <file>file:/D:/Software%20engineering/Semester%203/LAB211/FruitShop/src/model/Fruit.java</file>
            <file>file:/D:/Software%20engineering/Semester%203/LAB211/FruitShop/src/model/Order.java</file>
            <file>file:/D:/Software%20engineering/Semester%203/LAB211/FruitShop/src/view/ShopView.java</file>
        </group>
    </open-files>
</project-private>
