<?xml version="1.0" encoding="UTF-8"?>
<project-private xmlns="http://www.netbeans.org/ns/project-private/1">
    <editor-bookmarks xmlns="http://www.netbeans.org/ns/editor-bookmarks/2" lastBookmarkId="0"/>
    <open-files xmlns="http://www.netbeans.org/ns/projectui-open-files/2">
        <group>
            <file>file:/D:/Software%20engineering/Semester%203/LAB211/EbankManagement/src/resources/en.properties</file>
            <file>file:/D:/Software%20engineering/Semester%203/LAB211/EbankManagement/src/view/EbankView.java</file>
            <file>file:/D:/Software%20engineering/Semester%203/LAB211/EbankManagement/src/model/EbankModel.java</file>
            <file>file:/D:/Software%20engineering/Semester%203/LAB211/EbankManagement/src/Main/Main.java</file>
            <file>file:/D:/Software%20engineering/Semester%203/LAB211/EbankManagement/src/resources/vi.properties</file>
            <file>file:/D:/Software%20engineering/Semester%203/LAB211/EbankManagement/src/controller/EbankController.java</file>
        </group>
    </open-files>
</project-private>
