<?xml version="1.0" encoding="UTF-8"?>
<project-private xmlns="http://www.netbeans.org/ns/project-private/1">
    <editor-bookmarks xmlns="http://www.netbeans.org/ns/editor-bookmarks/2" lastBookmarkId="0"/>
    <open-files xmlns="http://www.netbeans.org/ns/projectui-open-files/2">
        <group>
            <file>file:/D:/Software%20engineering/Semester%203/LAB211/GeographyManagement/src/model/ManageEastAsiaCountries.java</file>
            <file>file:/D:/Software%20engineering/Semester%203/LAB211/GeographyManagement/src/view/ManageEastAsiaCountriesMenu.java</file>
            <file>file:/D:/Software%20engineering/Semester%203/LAB211/GeographyManagement/src/controller/Main.java</file>
            <file>file:/D:/Software%20engineering/Semester%203/LAB211/GeographyManagement/src/view/Menu.java</file>
            <file>file:/D:/Software%20engineering/Semester%203/LAB211/GeographyManagement/src/model/EastAsiaCountries.java</file>
        </group>
    </open-files>
</project-private>
